{
	"IcoMoonType": "selection",
	"icons": [
		{
			"icon": {
				"paths": [
					"M1024 590.444l-512-397.426-512 397.428v-162.038l512-397.426 512 397.428zM896 576v384h-256v-256h-256v256h-256v-384l384-288z"
				],
				"attrs": [],
				"tags": [
					"home",
					"house"
				],
				"grid": 16
			},
			"attrs": [],
			"properties": {
				"id": 51,
				"order": 2,
				"prevSize": 32,
				"ligatures": "home, house",
				"name": "home",
				"code": 59648
			},
			"setIdx": 0,
			"setId": 0,
			"iconIdx": 0
		},
		{
			"icon": {
				"paths": [
					"M640 256v-256h-448l-192 192v576h384v256h640v-768h-384zM192 90.51v101.49h-101.49l101.49-101.49zM64 704v-448h192v-192h320v192l-192 192v256h-320zM576 346.51v101.49h-101.49l101.49-101.49zM960 960h-512v-448h192v-192h320v640z"
				],
				"attrs": [],
				"tags": [
					"copy",
					"duplicate",
					"files",
					"pages",
					"papers",
					"documents"
				],
				"grid": 16
			},
			"attrs": [],
			"properties": {
				"id": 208,
				"order": 6,
				"prevSize": 32,
				"ligatures": "copy, duplicate",
				"name": "copy",
				"code": 59649
			},
			"setIdx": 0,
			"setId": 0,
			"iconIdx": 44
		},
		{
			"icon": {
				"paths": [
					"M1232 0h-384c-26.4 0-63.274 15.274-81.942 33.942l-476.116 476.116c-18.668 18.668-18.668 49.214 0 67.882l412.118 412.118c18.668 18.668 49.214 18.668 67.882 0l476.118-476.118c18.666-18.666 33.94-55.54 33.94-81.94v-384c0-26.4-21.6-48-48-48zM992 384c-53.020 0-96-42.98-96-96s42.98-96 96-96 96 42.98 96 96-42.98 96-96 96z",
					"M128 544l544-544h-80c-26.4 0-63.274 15.274-81.942 33.942l-476.116 476.116c-18.668 18.668-18.668 49.214 0 67.882l412.118 412.118c18.668 18.668 49.214 18.668 67.882 0l30.058-30.058-416-416z"
				],
				"width": 1280,
				"attrs": [],
				"tags": [
					"price-tags"
				],
				"grid": 16
			},
			"attrs": [],
			"properties": {
				"order": 3,
				"id": 1470,
				"prevSize": 32,
				"ligatures": "price-tags",
				"name": "price-tags",
				"code": 59650
			},
			"setIdx": 0,
			"setId": 0,
			"iconIdx": 54
		},
		{
			"icon": {
				"paths": [
					"M192 0v1024h768v-1024h-768zM576 256.33c70.51 0 127.67 57.16 127.67 127.67s-57.16 127.67-127.67 127.67-127.67-57.16-127.67-127.67 57.16-127.67 127.67-127.67v0zM768 768h-384v-64c0-70.696 57.306-128 128-128v0h128c70.696 0 128 57.304 128 128v64z",
					"M64 64h96v192h-96v-192z",
					"M64 320h96v192h-96v-192z",
					"M64 576h96v192h-96v-192z",
					"M64 832h96v192h-96v-192z"
				],
				"attrs": [],
				"tags": [
					"address-book",
					"contact",
					"book",
					"contacts"
				],
				"grid": 16
			},
			"attrs": [],
			"properties": {
				"id": 298,
				"order": 7,
				"prevSize": 32,
				"ligatures": "address-book, contact",
				"name": "address-book",
				"code": 59651
			},
			"setIdx": 0,
			"setId": 0,
			"iconIdx": 68
		},
		{
			"icon": {
				"paths": [
					"M928 128h-832c-52.8 0-96 43.2-96 96v640c0 52.8 43.2 96 96 96h832c52.8 0 96-43.2 96-96v-640c0-52.8-43.2-96-96-96zM398.74 550.372l-270.74 210.892v-501.642l270.74 290.75zM176.38 256h671.24l-335.62 252-335.62-252zM409.288 561.698l102.712 110.302 102.71-110.302 210.554 270.302h-626.528l210.552-270.302zM625.26 550.372l270.74-290.75v501.642l-270.74-210.892z"
				],
				"attrs": [],
				"tags": [
					"envelop",
					"mail",
					"email",
					"contact",
					"letter"
				],
				"grid": 16
			},
			"attrs": [],
			"properties": {
				"id": 305,
				"order": 4,
				"prevSize": 32,
				"ligatures": "envelop, mail",
				"name": "envelop",
				"code": 59652
			},
			"setIdx": 0,
			"setId": 0,
			"iconIdx": 69
		},
		{
			"icon": {
				"paths": [
					"M960 256h-256v-64c0-35.2-28.8-64-64-64h-256c-35.204 0-64 28.8-64 64v64h-256c-35.2 0-64 28.8-64 64v576c0 35.202 28.796 64 64 64h896c35.2 0 64-28.798 64-64v-576c0-35.2-28.8-64-64-64zM384 192.116c0.034-0.040 0.074-0.082 0.114-0.116h255.772c0.042 0.034 0.082 0.076 0.118 0.116v63.884h-256.004v-63.884zM960 512h-128v96c0 17.602-14.4 32-32 32h-64c-17.604 0-32-14.398-32-32v-96h-384v96c0 17.602-14.4 32-32 32h-64c-17.602 0-32-14.398-32-32v-96h-128v-64h896v64z"
				],
				"attrs": [],
				"tags": [
					"briefcase",
					"portfolio",
					"suitcase",
					"work",
					"job",
					"employee"
				],
				"grid": 16
			},
			"attrs": [],
			"properties": {
				"id": 691,
				"order": 5,
				"prevSize": 32,
				"ligatures": "briefcase, portfolio",
				"name": "briefcase",
				"code": 59653
			},
			"setIdx": 0,
			"setId": 0,
			"iconIdx": 174
		}
	],
	"height": 1024,
	"metadata": {
		"name": "icomoon"
	},
	"preferences": {
		"showGlyphs": true,
		"showQuickUse": true,
		"showQuickUse2": true,
		"showSVGs": true,
		"fontPref": {
			"prefix": "icon-",
			"metadata": {
				"fontFamily": "icomoon"
			},
			"metrics": {
				"emSize": 1024,
				"baseline": 6.25,
				"whitespace": 50
			},
			"embed": false
		},
		"imagePref": {
			"prefix": "icon-",
			"png": true,
			"useClassSelector": true,
			"color": 4473924,
			"bgColor": 16777215
		},
		"historySize": 100,
		"showCodes": true
	}
}